model,accuracy_mean,accuracy_std,macro_f1_mean,macro_f1_std,weighted_f1_mean,weighted_f1_std
TF-IDF (word + char) + Linear SVM,0.7698790695174088,0.003973822594428373,0.7312110563751592,0.008811024921203116,0.7669413478703989,0.003949020218567758
TF-IDF + Logistic Regression,0.7616407911838884,0.004537290886381618,0.7083259934030753,0.008130570888069025,0.7560927905391714,0.004515183053342821
Embeddings + Linear SVM,0.748524145202187,0.002083124481625269,0.6781908380629094,0.005822765830687222,0.7423737196672768,0.002148138558547871
Embeddings + Logistic Regression,0.7468727041976464,0.0031378569911994277,0.6778892919405701,0.007359298939343321,0.7419555977598872,0.003103683105891651
TF-IDF + Random Forest,0.7236194956500321,0.003514015928763914,0.6409465245887681,0.005923185466119892,0.7119481833394625,0.0033889259067678944
Embeddings + Random Forest,0.7100282232137267,0.001650448958266842,0.6101029310339884,0.006142239079786817,0.6925354214520277,0.0013126363651938542
TF-IDF + Naive Bayes,0.6831305893273074,0.0024174898791189314,0.5516790717912489,0.007030173385048316,0.6691104062267869,0.002521493645204951
