model,accuracy_mean,accuracy_std,macro_f1_mean,macro_f1_std,weighted_f1_mean,weighted_f1_std
TF-IDF (word + char) + Linear SVM,0.7696892441567404,0.00384218117951269,0.7306444455664332,0.008834001479102292,0.7667502567747521,0.003838331279087335
TF-IDF + Logistic Regression,0.7614509910443936,0.004328448058590989,0.7080890272795524,0.008357013870163533,0.7558587294224248,0.00434568109540439
Embeddings + Linear SVM,0.7485051644676325,0.0020879604238931222,0.6781787320189449,0.005832684101532492,0.7423517726601221,0.002158632864004966
Embeddings + Logistic Regression,0.746739828246691,0.002611175989294839,0.6771334123284276,0.0068523795210323505,0.7417667387405671,0.002591937951130818
TF-IDF + Random Forest,0.7236194650243214,0.0038978990474970426,0.6418938410164943,0.006915644029903137,0.7120040176817469,0.0040450220764542254
Embeddings + Random Forest,0.7104648755886351,0.0024229540244901583,0.6107866701938608,0.004728817231905674,0.6928247159821634,0.0026778180095655946
TF-IDF + Naive Bayes,0.683073647123644,0.0024471374658187298,0.5516378507076648,0.006720215286266995,0.6690724868446157,0.002512090968066831
