best_model,accuracy,macro_f1,weighted_f1
TF-IDF (word + char) + Linear SVM,0.7665369649805448,0.7268788640204754,0.7638423258133868
